what,kind,bundleId,bundleVersion,description,time
stopped,bundle,org.eclipse.pde.runtime,3.4.201.v20110819-0851,"org.eclipse.pde.runtime",1323315188772
stopped,bundle,org.eclipse.pde.ui.templates,3.4.400.v20110516,"org.eclipse.pde.ui.templates",1323315188772
stopped,bundle,org.eclipse.wb.rcp.databinding.emf,1.2.0.r37x201112040058,"org.eclipse.wb.rcp.databinding.emf",1323315188772
stopped,bundle,org.eclipse.wb.rcp.databinding,1.2.0.r37x201112040058,"org.eclipse.wb.rcp.databinding",1323315188772
stopped,bundle,org.eclipse.wb.rcp.nebula,1.2.0.r37x201112040058,"org.eclipse.wb.rcp.nebula",1323315188772
stopped,bundle,org.eclipse.wb.rcp.swing2swt,1.2.0.r37x201112040058,"org.eclipse.wb.rcp.swing2swt",1323315188772
stopped,bundle,org.eclipse.wb.rcp,1.2.0.r37x201112040058,"org.eclipse.wb.rcp",1323315188772
stopped,bundle,org.eclipse.pde.ui,3.6.100.v20110603,"org.eclipse.pde.ui",1323315188773
stopped,bundle,org.eclipse.ui.cheatsheets,3.4.100.v20110425,"org.eclipse.ui.cheatsheets",1323315188773
stopped,bundle,org.eclipse.help.ui,3.5.101.r37_20110819,"org.eclipse.help.ui",1323315188773
stopped,bundle,org.eclipse.help.webapp,3.6.0.v20110518,"org.eclipse.help.webapp",1323315188773
stopped,bundle,org.eclipse.epp.mpc.ui,1.1.1.I20110907-0947,"org.eclipse.epp.mpc.ui",1323315188773
stopped,bundle,org.eclipse.epp.usagedata.ui,1.3.1.R201106061540,"org.eclipse.epp.usagedata.ui",1323315188773
stopped,bundle,org.eclipse.ui.intro.universal,3.2.500.v20110510,"org.eclipse.ui.intro.universal",1323315188773
stopped,bundle,org.eclipse.ui.intro,3.4.100.v20110425,"org.eclipse.ui.intro",1323315188775
stopped,bundle,org.eclipse.help.base,3.6.1.v201109091335,"org.eclipse.help.base",1323315188775
stopped,bundle,org.eclipse.equinox.http.jetty,2.0.100.v20110502,"org.eclipse.equinox.http.jetty",1323315188775
stopped,bundle,org.eclipse.m2e.core.ui,1.0.100.20110804-1717,"org.eclipse.m2e.core.ui",1323315188775
stopped,bundle,org.eclipse.m2e.core,1.0.100.20110804-1717,"org.eclipse.m2e.core",1323315188775
stopped,bundle,org.eclipse.mylyn.ide.ant,3.6.0.v20110608-1400,"org.eclipse.mylyn.ide.ant",1323315188775
stopped,bundle,org.eclipse.ant.ui,3.5.100.v20110510,"org.eclipse.ant.ui",1323315188776
stopped,bundle,org.eclipse.ant.launching,1.0.100.v20110506,"org.eclipse.ant.launching",1323315188776
stopped,bundle,org.eclipse.compare.win32,1.0.200.I20110510-0800,"org.eclipse.compare.win32",1323315188776
stopped,bundle,org.eclipse.egit.mylyn.ui,1.1.0.201109151100-r,"org.eclipse.egit.mylyn.ui",1323315188776
stopped,bundle,org.eclipse.egit.ui,1.1.0.201109151100-r,"org.eclipse.egit.ui",1323315188776
stopped,bundle,org.eclipse.equinox.p2.ui.sdk,1.0.200.v20110502-1955,"org.eclipse.equinox.p2.ui.sdk",1323315188776
stopped,bundle,org.eclipse.mylyn.java.tasks,3.6.0.v20110608-1400,"org.eclipse.mylyn.java.tasks",1323315188776
stopped,bundle,org.eclipse.mylyn.java.ui,3.6.0.v20110608-1400,"org.eclipse.mylyn.java.ui",1323315188776
stopped,bundle,org.eclipse.jdt.junit,3.7.0.v20110505-0800,"org.eclipse.jdt.junit",1323315188776
stopped,bundle,org.eclipse.jdt.apt.ui,3.3.300.v20110305-1450,"org.eclipse.jdt.apt.ui",1323315188776
stopped,bundle,org.eclipse.jdt.debug.ui,3.6.1.v20110803_r371,"org.eclipse.jdt.debug.ui",1323315188776
stopped,bundle,com.collabnet.subversion.merge,2.2.4,"com.collabnet.subversion.merge",1323315188776
stopped,bundle,org.tigris.subversion.subclipse.graph,1.0.9,"org.tigris.subversion.subclipse.graph",1323315188777
stopped,bundle,org.tigris.subversion.subclipse.mylyn,3.0.0,"org.tigris.subversion.subclipse.mylyn",1323315188778
stopped,bundle,org.tigris.subversion.subclipse.tools.usage,1.0.1,"org.tigris.subversion.subclipse.tools.usage",1323315188778
stopped,bundle,org.tigris.subversion.subclipse.ui,1.6.18,"org.tigris.subversion.subclipse.ui",1323315188778
stopped,bundle,org.eclipse.wb.swing.FormLayout,1.1.0.r37x201109091143,"org.eclipse.wb.swing.FormLayout",1323315188778
stopped,bundle,org.eclipse.wb.swing.MigLayout,1.1.0.r37x201109091143,"org.eclipse.wb.swing.MigLayout",1323315188779
stopped,bundle,org.eclipse.wb.swing.databinding,1.1.0.r37x201109091143,"org.eclipse.wb.swing.databinding",1323315188779
stopped,bundle,org.eclipse.wb.swing.java6,1.1.0.r37x201109091143,"org.eclipse.wb.swing.java6",1323315188779
stopped,bundle,org.eclipse.wb.swing.jsr296,1.1.0.r37x201109091143,"org.eclipse.wb.swing.jsr296",1323315188779
stopped,bundle,org.eclipse.wb.swing,1.1.0.r37x201109091143,"org.eclipse.wb.swing",1323315188779
stopped,bundle,org.eclipse.wb.core.databinding,1.2.0.r37x201112032240,"org.eclipse.wb.core.databinding",1323315188780
stopped,bundle,org.eclipse.wb.core.ui,1.2.0.r37x201112032259,"org.eclipse.wb.core.ui",1323315188780
stopped,bundle,org.eclipse.wb.layout.group,1.2.0.r37x201112032356,"org.eclipse.wb.layout.group",1323315188780
stopped,bundle,org.eclipse.wb.os.win32,1.2.0.r37x201112032240,"org.eclipse.wb.os.win32",1323315188780
stopped,bundle,org.eclipse.wb.swt,1.2.0.r37x201112040036,"org.eclipse.wb.swt",1323315188780
stopped,bundle,org.eclipse.wb.core,1.2.0.r37x201112032240,"org.eclipse.wb.core",1323315188780
stopped,bundle,org.eclipse.jdt.ui,3.7.1.r371_v20110824-0800,"org.eclipse.jdt.ui",1323315188799
stopped,bundle,org.eclipse.wst.dtd.ui,1.0.600.v201103171359,"org.eclipse.wst.dtd.ui",1323315188800
stopped,bundle,org.eclipse.wst.xsd.ui,1.2.404.v201105050216,"org.eclipse.wst.xsd.ui",1323315188800
stopped,bundle,org.eclipse.wst.xml.ui,1.1.201.v201108151912,"org.eclipse.wst.xml.ui",1323315188800
stopped,bundle,org.eclipse.wst.common.ui,1.1.500.v200911190730,"org.eclipse.wst.common.ui",1323315188800
stopped,bundle,org.eclipse.wst.sse.ui,1.3.1.v201108191312,"org.eclipse.wst.sse.ui",1323315188800
stopped,bundle,org.eclipse.search,3.7.0.v20110505-0800,"org.eclipse.search",1323315188805
stopped,bundle,org.eclipse.mylyn.commons.team,0.8.0.v20110608-1400,"org.eclipse.mylyn.commons.team",1323315188805
stopped,bundle,org.eclipse.mylyn.team.ui,3.6.1.v20110825-0100,"org.eclipse.mylyn.team.ui",1323315188805
stopped,bundle,org.eclipse.ui.navigator.resources,3.4.300.I20110421-1800,"org.eclipse.ui.navigator.resources",1323315188805
stopped,bundle,org.eclipse.ltk.ui.refactoring,3.6.0.v20110505-0800,"org.eclipse.ltk.ui.refactoring",1323315188805
stopped,bundle,org.eclipse.mylyn.bugzilla.ui,3.6.0.v20110608-1400,"org.eclipse.mylyn.bugzilla.ui",1323315188805
stopped,bundle,org.eclipse.mylyn.ide.ui,3.6.0.v20110608-1400,"org.eclipse.mylyn.ide.ui",1323315188805
stopped,bundle,org.eclipse.mylyn.resources.ui,3.6.0.v20110608-1400,"org.eclipse.mylyn.resources.ui",1323315188805
stopped,bundle,org.eclipse.mylyn.wikitext.tasks.ui,1.5.0.v20110608-1400,"org.eclipse.mylyn.wikitext.tasks.ui",1323315188805
stopped,bundle,org.eclipse.mylyn.context.ui,3.6.0.v20110608-1400,"org.eclipse.mylyn.context.ui",1323315188806
stopped,bundle,org.eclipse.mylyn.help.ui,3.6.1.v20110830-0100,"org.eclipse.mylyn.help.ui",1323315188806
stopped,bundle,org.eclipse.mylyn.tasks.bugs,3.6.1.v20110825-0100,"org.eclipse.mylyn.tasks.bugs",1323315188806
stopped,bundle,org.eclipse.mylyn.tasks.ui,3.6.2.v20110826-0100,"org.eclipse.mylyn.tasks.ui",1323315188806
stopped,bundle,org.eclipse.team.cvs.ui,3.3.400.I20110510-0800,"org.eclipse.team.cvs.ui",1323315188807
stopped,bundle,org.eclipse.team.ui,3.6.100.I20110525-0800,"org.eclipse.team.ui",1323315188807
stopped,bundle,org.eclipse.compare,3.5.201.R37x_v20110817-0800,"org.eclipse.compare",1323315188807
stopped,bundle,org.eclipse.ui.externaltools,3.2.0.v20110506,"org.eclipse.ui.externaltools",1323315188807
stopped,bundle,org.eclipse.debug.ui,3.7.101.v20110817_r371,"org.eclipse.debug.ui",1323315188807
stopped,bundle,org.eclipse.mylyn.wikitext.ui,1.5.0.v20110608-1400,"org.eclipse.mylyn.wikitext.ui",1323315188807
stopped,bundle,org.eclipse.ui.console,3.5.100.v20110511,"org.eclipse.ui.console",1323315188807
stopped,bundle,org.eclipse.mylyn.commons.ui,3.6.1.v20110720-0100,"org.eclipse.mylyn.commons.ui",1323315188807
stopped,bundle,org.eclipse.ui.editors,3.7.0.v20110517-0800,"org.eclipse.ui.editors",1323315188808
stopped,bundle,org.eclipse.wst.common.snippets,1.2.100.v201103281740,"org.eclipse.wst.common.snippets",1323315188808
stopped,bundle,org.eclipse.ui.workbench.texteditor,3.7.0.v20110505-0800,"org.eclipse.ui.workbench.texteditor",1323315188808
stopped,bundle,org.eclipse.compare.core,3.5.200.I20110208-0800,"org.eclipse.compare.core",1323315188808
stopped,bundle,org.eclipse.emf.edit.ui,2.7.0.v20110913-1156,"org.eclipse.emf.edit.ui",1323315188808
stopped,bundle,org.eclipse.gef,3.7.1.v20110830-1143,"org.eclipse.gef",1323315188808
stopped,bundle,org.eclipse.emf.common.ui,2.7.0.v20110913-1156,"org.eclipse.emf.common.ui",1323315188809
activated,perspective,org.eclipse.jdt.ui,,"org.eclipse.jdt.ui.JavaPerspective",1323315559662
started,bundle,org.eclipse.osgi,3.7.1.R37x_v20110808-1106,"org.eclipse.osgi",1323315559663
started,bundle,org.eclipse.equinox.simpleconfigurator,1.0.200.v20110502-1955,"org.eclipse.equinox.simpleconfigurator",1323315559663
started,bundle,com.ibm.icu,4.4.2.v20110208,"com.ibm.icu",1323315559664
started,bundle,org.eclipse.core.contenttype,3.4.100.v20110423-0524,"org.eclipse.core.contenttype",1323315559664
started,bundle,org.eclipse.core.databinding.observable,1.4.0.I20110222-0800,"org.eclipse.core.databinding.observable",1323315559665
started,bundle,org.eclipse.core.expressions,3.4.300.v20110228,"org.eclipse.core.expressions",1323315559665
started,bundle,org.eclipse.core.filebuffers,3.5.200.v20110505-0800,"org.eclipse.core.filebuffers",1323315559665
started,bundle,org.eclipse.core.jobs,3.5.100.v20110404,"org.eclipse.core.jobs",1323315559666
started,bundle,org.eclipse.core.net,1.2.100.I20110511-0800,"org.eclipse.core.net",1323315559666
started,bundle,org.eclipse.core.resources,3.7.100.v20110510-0712,"org.eclipse.core.resources",1323315559666
started,bundle,org.eclipse.core.runtime,3.7.0.v20110110,"org.eclipse.core.runtime",1323315559667
started,bundle,org.eclipse.core.runtime.compatibility,3.2.100.v20100505,"org.eclipse.core.runtime.compatibility",1323315559667
started,bundle,org.eclipse.core.runtime.compatibility.auth,3.2.200.v20110110,"org.eclipse.core.runtime.compatibility.auth",1323315559668
started,bundle,org.eclipse.epp.mpc.ui,1.1.1.I20110907-0947,"org.eclipse.epp.mpc.ui",1323315559668
started,bundle,org.eclipse.epp.usagedata.gathering,1.3.1.R201106061540,"org.eclipse.epp.usagedata.gathering",1323315559669
started,bundle,org.eclipse.epp.usagedata.recording,1.3.1.R201106061540,"org.eclipse.epp.usagedata.recording",1323315559669
started,bundle,org.eclipse.equinox.app,1.3.100.v20110321,"org.eclipse.equinox.app",1323315559669
started,bundle,org.eclipse.equinox.common,3.6.0.v20110523,"org.eclipse.equinox.common",1323315559670
started,bundle,org.eclipse.equinox.ds,1.3.1.R37x_v20110701,"org.eclipse.equinox.ds",1323315559670
started,bundle,org.eclipse.equinox.event,1.2.100.v20110502,"org.eclipse.equinox.event",1323315559671
started,bundle,org.eclipse.equinox.p2.artifact.repository,1.1.101.R37x_v20110714,"org.eclipse.equinox.p2.artifact.repository",1323315559671
started,bundle,org.eclipse.equinox.p2.core,2.1.0.v20110502-1955,"org.eclipse.equinox.p2.core",1323315559672
started,bundle,org.eclipse.equinox.p2.director,2.1.0.v20110504-1715,"org.eclipse.equinox.p2.director",1323315559672
started,bundle,org.eclipse.equinox.p2.directorywatcher,1.0.300.v20110502-1955,"org.eclipse.equinox.p2.directorywatcher",1323315559673
started,bundle,org.eclipse.equinox.p2.engine,2.1.0.v20110511,"org.eclipse.equinox.p2.engine",1323315559673
started,bundle,org.eclipse.equinox.p2.extensionlocation,1.2.100.v20110510,"org.eclipse.equinox.p2.extensionlocation",1323315559673
started,bundle,org.eclipse.equinox.p2.metadata,2.1.0.v20110510,"org.eclipse.equinox.p2.metadata",1323315559674
started,bundle,org.eclipse.equinox.p2.metadata.repository,1.2.0.v20110511-1359,"org.eclipse.equinox.p2.metadata.repository",1323315559674
started,bundle,org.eclipse.equinox.p2.operations,2.1.0.v20110511-1821,"org.eclipse.equinox.p2.operations",1323315559675
started,bundle,org.eclipse.equinox.p2.publisher,1.2.0.v20110511,"org.eclipse.equinox.p2.publisher",1323315559675
started,bundle,org.eclipse.equinox.p2.reconciler.dropins,1.1.100.v20110510,"org.eclipse.equinox.p2.reconciler.dropins",1323315559676
started,bundle,org.eclipse.equinox.p2.repository,2.1.0.v20110601,"org.eclipse.equinox.p2.repository",1323315559676
started,bundle,org.eclipse.equinox.p2.touchpoint.eclipse,2.1.1.R37x_v20110815-0935,"org.eclipse.equinox.p2.touchpoint.eclipse",1323315559677
started,bundle,org.eclipse.equinox.p2.ui.sdk.scheduler,1.0.100.v20110502-1955,"org.eclipse.equinox.p2.ui.sdk.scheduler",1323315559677
started,bundle,org.eclipse.equinox.p2.updatechecker,1.1.200.v20110502-1955,"org.eclipse.equinox.p2.updatechecker",1323315559678
started,bundle,org.eclipse.equinox.preferences,3.4.1.R37x_v20110725,"org.eclipse.equinox.preferences",1323315559678
started,bundle,org.eclipse.equinox.registry,3.5.101.R37x_v20110810-1611,"org.eclipse.equinox.registry",1323315559679
started,bundle,org.eclipse.equinox.security,1.1.1.R37x_v20110822-1018,"org.eclipse.equinox.security",1323315559679
started,bundle,org.eclipse.equinox.util,1.0.300.v20110502,"org.eclipse.equinox.util",1323315559680
started,bundle,org.eclipse.help,3.5.100.v20110426,"org.eclipse.help",1323315559680
started,bundle,org.eclipse.jdt.core,3.7.1.v_B76_R37x,"org.eclipse.jdt.core",1323315559680
started,bundle,org.eclipse.jdt.core.manipulation,1.4.0.v20110505-0800,"org.eclipse.jdt.core.manipulation",1323315559681
started,bundle,org.eclipse.jdt.ui,3.7.1.r371_v20110824-0800,"org.eclipse.jdt.ui",1323315559683
started,bundle,org.eclipse.jface,3.7.0.I20110522-1430,"org.eclipse.jface",1323315559683
started,bundle,org.eclipse.jsch.core,1.1.300.I20110514-0800,"org.eclipse.jsch.core",1323315559684
started,bundle,org.eclipse.m2e.logback.configuration,1.0.100.20110804-1717,"org.eclipse.m2e.logback.configuration",1323315559684
started,bundle,org.eclipse.mylyn.bugzilla.core,3.6.2.v20110903-0100,"org.eclipse.mylyn.bugzilla.core",1323315559685
started,bundle,org.eclipse.mylyn.bugzilla.ui,3.6.0.v20110608-1400,"org.eclipse.mylyn.bugzilla.ui",1323315559685
started,bundle,org.eclipse.mylyn.commons.identity,0.8.0.v20110608-1400,"org.eclipse.mylyn.commons.identity",1323315559685
started,bundle,org.eclipse.mylyn.commons.net,3.6.0.v20110608-1400,"org.eclipse.mylyn.commons.net",1323315559685
started,bundle,org.eclipse.mylyn.commons.ui,3.6.1.v20110720-0100,"org.eclipse.mylyn.commons.ui",1323315559686
started,bundle,org.eclipse.mylyn.context.core,3.6.1.v20110720-0100,"org.eclipse.mylyn.context.core",1323315559686
started,bundle,org.eclipse.mylyn.context.ui,3.6.0.v20110608-1400,"org.eclipse.mylyn.context.ui",1323315559687
started,bundle,org.eclipse.mylyn.monitor.ui,3.6.0.v20110608-1400,"org.eclipse.mylyn.monitor.ui",1323315559687
started,bundle,org.eclipse.mylyn.tasks.ui,3.6.2.v20110826-0100,"org.eclipse.mylyn.tasks.ui",1323315559688
started,bundle,org.eclipse.mylyn.team.ui,3.6.1.v20110825-0100,"org.eclipse.mylyn.team.ui",1323315559688
started,bundle,org.eclipse.search,3.7.0.v20110505-0800,"org.eclipse.search",1323315559689
started,bundle,org.eclipse.team.core,3.6.0.I20110525-0800,"org.eclipse.team.core",1323315559689
started,bundle,org.eclipse.team.cvs.core,3.3.400.I20110510-0800,"org.eclipse.team.cvs.core",1323315559689
started,bundle,org.eclipse.team.cvs.ui,3.3.400.I20110510-0800,"org.eclipse.team.cvs.ui",1323315559690
started,bundle,org.eclipse.team.ui,3.6.100.I20110525-0800,"org.eclipse.team.ui",1323315559690
started,bundle,org.eclipse.ui,3.7.0.I20110602-0100,"org.eclipse.ui",1323315559691
started,bundle,org.eclipse.ui.console,3.5.100.v20110511,"org.eclipse.ui.console",1323315559692
started,bundle,org.eclipse.ui.editors,3.7.0.v20110517-0800,"org.eclipse.ui.editors",1323315559692
started,bundle,org.eclipse.ui.forms,3.5.100.v20110425,"org.eclipse.ui.forms",1323315559693
started,bundle,org.eclipse.ui.ide,3.7.0.v20110809-1737,"org.eclipse.ui.ide",1323315559694
started,bundle,org.eclipse.ui.net,1.2.100.I20110511-0800,"org.eclipse.ui.net",1323315559694
started,bundle,org.eclipse.ui.views,3.6.0.I20110412-0800,"org.eclipse.ui.views",1323315559695
started,bundle,org.eclipse.ui.views.log,1.0.200.v20110404,"org.eclipse.ui.views.log",1323315559695
started,bundle,org.eclipse.ui.workbench,3.7.0.I20110519-0100,"org.eclipse.ui.workbench",1323315559695
started,bundle,org.eclipse.ui.workbench.texteditor,3.7.0.v20110505-0800,"org.eclipse.ui.workbench.texteditor",1323315559696
started,bundle,org.eclipse.update.configurator,3.3.100.v20100512,"org.eclipse.update.configurator",1323315559697
started,bundle,org.eclipse.update.core,3.2.500.v20110330,"org.eclipse.update.core",1323315559697
started,bundle,org.eclipse.update.scheduler,3.2.300.v20100512,"org.eclipse.update.scheduler",1323315559698
started,bundle,org.tigris.subversion.clientadapter,1.6.12,"org.tigris.subversion.clientadapter",1323315559698
started,bundle,org.tigris.subversion.subclipse.core,1.6.18,"org.tigris.subversion.subclipse.core",1323315559698
started,bundle,org.tigris.subversion.subclipse.mylyn,3.0.0,"org.tigris.subversion.subclipse.mylyn",1323315559699
started,bundle,org.tigris.subversion.subclipse.tools.usage,1.0.1,"org.tigris.subversion.subclipse.tools.usage",1323315559699
started,bundle,org.eclipse.pde.launching,3.6.0.v20110506,"org.eclipse.pde.launching",1323315559699
started,bundle,org.eclipse.pde.ui,3.6.100.v20110603,"org.eclipse.pde.ui",1323315559700
started,bundle,org.eclipse.wb.discovery.core,1.2.0.r37x201112032259,"org.eclipse.wb.discovery.core",1323315559701
started,bundle,org.eclipse.wb.discovery.ui,1.2.0.r37x201112032259,"org.eclipse.wb.discovery.ui",1323315559701
os,sysinfo,,,"win32",1323315559704
arch,sysinfo,,,"x86_64",1323315559704
ws,sysinfo,,,"win32",1323315559704
locale,sysinfo,,,"en_US",1323315559704
processors,sysinfo,,,"8",1323315559704
java.runtime.name,sysinfo,,,"Java(TM) SE Runtime Environment",1323315559704
java.runtime.version,sysinfo,,,"1.7.0_01-b08",1323315559704
java.specification.name,sysinfo,,,"Java Platform API Specification",1323315559704
java.specification.vendor,sysinfo,,,"Oracle Corporation",1323315559704
java.specification.version,sysinfo,,,"1.7",1323315559704
java.vendor,sysinfo,,,"Oracle Corporation",1323315559704
java.version,sysinfo,,,"1.7.0_01",1323315559704
java.vm.info,sysinfo,,,"mixed mode",1323315559704
java.vm.name,sysinfo,,,"Java HotSpot(TM) 64-Bit Server VM",1323315559704
java.vm.specification.name,sysinfo,,,"Java Virtual Machine Specification",1323315559704
java.vm.specification.vendor,sysinfo,,,"Oracle Corporation",1323315559704
java.vm.specification.version,sysinfo,,,"1.7",1323315559704
java.vm.vendor,sysinfo,,,"Oracle Corporation",1323315559704
java.vm.version,sysinfo,,,"21.1-b02",1323315559704
started,bundle,org.eclipse.m2e.usagedata,1.0.100.20110804-1717,"org.eclipse.m2e.usagedata",1323315559707
deactivated,workbench,org.eclipse.ui.workbench,3.7.0.I20110519-0100,"",1323315563141
started,bundle,com.collabnet.subversion.merge,2.2.4,"com.collabnet.subversion.merge",1323315570080
started,bundle,org.eclipse.compare.core,3.5.200.I20110208-0800,"org.eclipse.compare.core",1323315570089
started,bundle,org.eclipse.compare,3.5.201.R37x_v20110817-0800,"org.eclipse.compare",1323315570093
started,bundle,org.tigris.subversion.subclipse.ui,1.6.18,"org.tigris.subversion.subclipse.ui",1323315570109
executed,command,org.eclipse.ui,3.7.0.I20110602-0100,"org.eclipse.ui.edit.paste",1323315573815
started,bundle,org.tigris.subversion.clientadapter.javahl,1.6.17,"org.tigris.subversion.clientadapter.javahl",1323315575168
activated,workbench,org.eclipse.ui.workbench,3.7.0.I20110519-0100,"",1323315590129
executed,command,org.eclipse.ui,3.7.0.I20110602-0100,"org.eclipse.ui.newWizard",1323315590136
closed,workbench,org.eclipse.ui.workbench,3.7.0.I20110519-0100,"",1323315591093
started,bundle,org.eclipse.core.filesystem,1.3.100.v20110423-0524,"org.eclipse.core.filesystem",1323315591178
stopped,bundle,org.eclipse.m2e.logback.configuration,1.0.100.20110804-1717,"org.eclipse.m2e.logback.configuration",1323315591312
stopped,bundle,org.eclipse.m2e.discovery,1.0.100.20110804-1717,"org.eclipse.m2e.discovery",1323315591313
stopped,bundle,org.eclipse.m2e.refactoring,1.0.100.20110804-1717,"org.eclipse.m2e.refactoring",1323315591314
stopped,bundle,org.eclipse.m2e.editor,1.0.100.20110804-1717,"org.eclipse.m2e.editor",1323315591314
stopped,bundle,org.eclipse.m2e.editor.xml,1.0.100.20110804-1717,"org.eclipse.m2e.editor.xml",1323315591315
stopped,bundle,org.eclipse.m2e.jdt,1.0.100.20110804-1717,"org.eclipse.m2e.jdt",1323315591315
stopped,bundle,org.eclipse.m2e.launching,1.0.100.20110804-1717,"org.eclipse.m2e.launching",1323315591316
stopped,bundle,org.eclipse.m2e.usagedata,1.0.100.20110804-1717,"org.eclipse.m2e.usagedata",1323315591316
stopped,bundle,org.eclipse.pde.ua.ui,1.0.100.v20110516,"org.eclipse.pde.ua.ui",1323315591317
stopped,bundle,org.eclipse.pde.api.tools.ui,1.0.301.v20110803_r371,"org.eclipse.pde.api.tools.ui",1323315591317
stopped,bundle,org.eclipse.pde.ds.ui,1.0.100.v20110516,"org.eclipse.pde.ds.ui",1323315591318
stopped,bundle,org.eclipse.pde.runtime,3.4.201.v20110819-0851,"org.eclipse.pde.runtime",1323315591318
stopped,bundle,org.eclipse.pde.ui.templates,3.4.400.v20110516,"org.eclipse.pde.ui.templates",1323315591319
stopped,bundle,org.eclipse.wb.rcp.databinding.emf,1.2.0.r37x201112040058,"org.eclipse.wb.rcp.databinding.emf",1323315591320
stopped,bundle,org.eclipse.wb.rcp.databinding,1.2.0.r37x201112040058,"org.eclipse.wb.rcp.databinding",1323315591320
stopped,bundle,org.eclipse.wb.rcp.nebula,1.2.0.r37x201112040058,"org.eclipse.wb.rcp.nebula",1323315591321
stopped,bundle,org.eclipse.wb.rcp.swing2swt,1.2.0.r37x201112040058,"org.eclipse.wb.rcp.swing2swt",1323315591321
stopped,bundle,org.eclipse.wb.rcp,1.2.0.r37x201112040058,"org.eclipse.wb.rcp",1323315591322
stopped,bundle,org.eclipse.pde.ui,3.6.100.v20110603,"org.eclipse.pde.ui",1323315591322
stopped,bundle,org.eclipse.ui.cheatsheets,3.4.100.v20110425,"org.eclipse.ui.cheatsheets",1323315591323
stopped,bundle,org.eclipse.help.ui,3.5.101.r37_20110819,"org.eclipse.help.ui",1323315591323
stopped,bundle,org.eclipse.help.webapp,3.6.0.v20110518,"org.eclipse.help.webapp",1323315591324
stopped,bundle,org.eclipse.epp.mpc.ui,1.1.1.I20110907-0947,"org.eclipse.epp.mpc.ui",1323315591324
stopped,bundle,org.eclipse.epp.usagedata.ui,1.3.1.R201106061540,"org.eclipse.epp.usagedata.ui",1323315591324
stopped,bundle,org.eclipse.ui.intro.universal,3.2.500.v20110510,"org.eclipse.ui.intro.universal",1323315591325
stopped,bundle,org.eclipse.ui.intro,3.4.100.v20110425,"org.eclipse.ui.intro",1323315591325
stopped,bundle,org.eclipse.help.base,3.6.1.v201109091335,"org.eclipse.help.base",1323315591326
stopped,bundle,org.eclipse.equinox.http.jetty,2.0.100.v20110502,"org.eclipse.equinox.http.jetty",1323315591327
stopped,bundle,org.eclipse.m2e.core.ui,1.0.100.20110804-1717,"org.eclipse.m2e.core.ui",1323315591328
stopped,bundle,org.eclipse.m2e.core,1.0.100.20110804-1717,"org.eclipse.m2e.core",1323315591328
stopped,bundle,org.eclipse.mylyn.ide.ant,3.6.0.v20110608-1400,"org.eclipse.mylyn.ide.ant",1323315591329
stopped,bundle,org.eclipse.ant.ui,3.5.100.v20110510,"org.eclipse.ant.ui",1323315591329
stopped,bundle,org.eclipse.ant.launching,1.0.100.v20110506,"org.eclipse.ant.launching",1323315591330
stopped,bundle,org.eclipse.compare.win32,1.0.200.I20110510-0800,"org.eclipse.compare.win32",1323315591330
stopped,bundle,org.eclipse.egit.mylyn.ui,1.1.0.201109151100-r,"org.eclipse.egit.mylyn.ui",1323315591331
stopped,bundle,org.eclipse.egit.ui,1.1.0.201109151100-r,"org.eclipse.egit.ui",1323315591332
stopped,bundle,org.eclipse.equinox.p2.ui.sdk,1.0.200.v20110502-1955,"org.eclipse.equinox.p2.ui.sdk",1323315591333
stopped,bundle,org.eclipse.mylyn.java.tasks,3.6.0.v20110608-1400,"org.eclipse.mylyn.java.tasks",1323315591333
stopped,bundle,org.eclipse.mylyn.java.ui,3.6.0.v20110608-1400,"org.eclipse.mylyn.java.ui",1323315591334
stopped,bundle,org.eclipse.jdt.junit,3.7.0.v20110505-0800,"org.eclipse.jdt.junit",1323315591334
stopped,bundle,org.eclipse.jdt.apt.ui,3.3.300.v20110305-1450,"org.eclipse.jdt.apt.ui",1323315591335
stopped,bundle,org.eclipse.jdt.debug.ui,3.6.1.v20110803_r371,"org.eclipse.jdt.debug.ui",1323315591336
stopped,bundle,com.collabnet.subversion.merge,2.2.4,"com.collabnet.subversion.merge",1323315591343
stopped,bundle,org.tigris.subversion.subclipse.graph,1.0.9,"org.tigris.subversion.subclipse.graph",1323315591343
stopped,bundle,org.tigris.subversion.subclipse.mylyn,3.0.0,"org.tigris.subversion.subclipse.mylyn",1323315591344
stopped,bundle,org.tigris.subversion.subclipse.tools.usage,1.0.1,"org.tigris.subversion.subclipse.tools.usage",1323315591344
stopped,bundle,org.tigris.subversion.subclipse.ui,1.6.18,"org.tigris.subversion.subclipse.ui",1323315591394
stopped,bundle,org.eclipse.wb.swing.FormLayout,1.1.0.r37x201109091143,"org.eclipse.wb.swing.FormLayout",1323315591395
stopped,bundle,org.eclipse.wb.swing.MigLayout,1.1.0.r37x201109091143,"org.eclipse.wb.swing.MigLayout",1323315591396
stopped,bundle,org.eclipse.wb.swing.databinding,1.1.0.r37x201109091143,"org.eclipse.wb.swing.databinding",1323315591397
stopped,bundle,org.eclipse.wb.swing.java6,1.1.0.r37x201109091143,"org.eclipse.wb.swing.java6",1323315591397
stopped,bundle,org.eclipse.wb.swing.jsr296,1.1.0.r37x201109091143,"org.eclipse.wb.swing.jsr296",1323315591398
stopped,bundle,org.eclipse.wb.swing,1.1.0.r37x201109091143,"org.eclipse.wb.swing",1323315591399
stopped,bundle,org.eclipse.wb.core.databinding,1.2.0.r37x201112032240,"org.eclipse.wb.core.databinding",1323315591399
stopped,bundle,org.eclipse.wb.core.ui,1.2.0.r37x201112032259,"org.eclipse.wb.core.ui",1323315591400
stopped,bundle,org.eclipse.wb.layout.group,1.2.0.r37x201112032356,"org.eclipse.wb.layout.group",1323315591400
stopped,bundle,org.eclipse.wb.os.win32,1.2.0.r37x201112032240,"org.eclipse.wb.os.win32",1323315591401
stopped,bundle,org.eclipse.wb.swt,1.2.0.r37x201112040036,"org.eclipse.wb.swt",1323315591401
stopped,bundle,org.eclipse.wb.core,1.2.0.r37x201112032240,"org.eclipse.wb.core",1323315591403
stopped,bundle,org.eclipse.jdt.ui,3.7.1.r371_v20110824-0800,"org.eclipse.jdt.ui",1323315591403
stopped,bundle,org.eclipse.wst.dtd.ui,1.0.600.v201103171359,"org.eclipse.wst.dtd.ui",1323315591404
